cout,zhuti,type
1,美国,13不干涉中立立场
2,美国,13不干涉中立立场
2,中国,12维权
2,苏,14其他
3,中国,12维权
3,南越,12维权
3,美国,13不干涉中立立场
4,美国国务卿詹姆斯·贝克,13不干涉中立立场
5,美国副国务卿斯特罗布·塔尔博特,13不干涉中立立场
6,中国,12维权
6,菲律宾,12维权
6,美国国务卿的沃伦·克里斯托弗,13不干涉中立立场
7,美国国务院,13不干涉中立立场
8,国务卿希拉里·克林顿,13不干涉中立立场
9,国务卿丹尼尔·拉塞尔,13不干涉中立立场
10,国务卿约翰·克里,13不干涉中立立场
10,王毅外长,12维权
11,美国国务院,14其他
12,克林顿政府,3航行管理权
12,中国,12维权
12,菲律宾,12维权
13,国务卿克里斯托弗,3航行管理权
14,中国,4国家防卫权或领空权或滥悬船旗管辖权
14,美国,4国家防卫权或领空权或滥悬船旗管辖权
15,国务卿克林顿,3航行管理权
16,美国,3航行管理权
17,美国国防部长威廉·佩里,14其他
18,美国国务院,14其他
19,美国国防部长罗伯特·盖茨,14其他
20,菲律宾,10添附
20,中国,4国家防卫权或领空权或滥悬船旗管辖权
21,中国,12维权
21,菲律宾,12维权
21,助理国务卿拉塞尔,8限制管辖权
22,中国,1对自然资源的主权
22,越南,12维权
23,美国国务院发言人珍·普萨基,8限制管辖权
23,中国,1对自然资源的主权
24,白宫发言人杰伊·卡尼,8限制管辖权
24,中国,1对自然资源的主权
25,助理国务卿帮办迈克尔·富克斯,8限制管辖权
25,中国,10添附
26,中国,12维权
26,菲律宾,12维权
26,美国,8限制管辖权
27,美国助理国防部长帮办罗伯特·谢尔,14其他
27,中国,12维权
28,美国代理助理国务卿帮办约瑟夫·尹,14其他
29,助理国务卿拉塞尔,8限制管辖权
29,中国,1对自然资源的主权
30,国务卿克里,8限制管辖权
30,中国,12维权
31,美国代理助理国务卿帮办约瑟夫·尹,8限制管辖权
31,中国,12维权
32,美国,14其他
32,菲律宾,12维权
33,国务卿克里,14其他
33,菲律宾,12维权
34,中国,12维权
34,菲律宾,12维权
34,美国,8限制管辖权
35,美国,8限制管辖权
35,菲律宾,12维权
36,美国,8限制管辖权
36,菲律宾,12维权
36,中国,12维权
37,澳大利亚,8限制管辖权
37,菲律宾,12维权
38,澳大利亚,8限制管辖权
38,美国,8限制管辖权
38,日本,8限制管辖权
39,澳大利亚外长陆克文,14其他
39,美国,14其他
40,美国,14其他
40,澳大利亚,14其他
41,中国,12维权
41,菲律宾,12维权
41,澳大利亚外长鲍勃·卡尔,13不干涉中立立场
41,新加坡外长尚穆根,13不干涉中立立场
42,澳大利亚国防部长史蒂芬·史密斯,8限制管辖权
42,越南,12维权
43,菲律宾,12维权
43,中国,12维权
44,美国,8限制管辖权
44,中国,12维权
45,印度尼西亚,12维权
45,中国,12维权
46,印度尼西亚,12维权
46,中国,12维权
47,美国副总统约瑟夫·拜登,14其他
48,美国,8限制管辖权
48,菲律宾,12维权
48,越南,12维权
48,中国,12维权
49,中国,12维权
49,国防部长哈格尔与商务部长彭妮·普利茨克,14其他
50,美国,14其他
50,中国,12维权
51,国务卿克林顿,8限制管辖权
51,印尼外长纳塔莱加瓦,8限制管辖权
52,美国太平洋司令部司令塞缪尔·洛克利尔,14其他
52,中国,12维权
52,国际法庭,13不干涉中立立场
53,菲律宾,9先占
53,中国,12维权
54,越南,14其他
54,美国,8限制管辖权
55,越南国防部长冯光清,14其他
55,日本驻越大使谷崎安明,14其他
56,日本前防卫大臣一川保夫,14其他
56,越南驻日大使阮富平,14其他
57,美国,8限制管辖权
57,日本,8限制管辖权
57,中国,12维权
58,奥巴马政府,8限制管辖权
58,马来西亚,12维权
58,中国,12维权
59,印度尼西亚,14其他
59,日本,14其他
59,美国,14其他
59,澳大利亚,14其他
60,新加坡,13不干涉中立立场
60,中国,12维权
60,美国,12维权
61,新加坡,14其他
61,中国,14其他
62,新加坡国防部长黄永宏,13不干涉中立立场
62,中国,12维权
63,中国,12维权
63,新加坡新任外长尚穆根,13不干涉中立立场
64,柬,14其他
65,菲律宾,8限制管辖权
65,越南,8限制管辖权
65,中国,12维权
66,东盟,13不干涉中立立场
67,中国,10添附
67,菲律宾,12维权
67,东盟,13不干涉中立立场
70,美国,14其他
71,日本防卫省,12维权
71,东盟10国,14其他
71,中国,12维权
71,美国,8限制管辖权
72,中国,12维权
72,东盟,13不干涉中立立场
73,东盟,14其他
73,菲律宾,12维权
73,越南,12维权
73,中国,12维权
74,双方,12维权
75,中国,12维权
75,菲律宾,12维权
76,中国,12维权
76,菲律宾,12维权
76,美国,14其他
76,东盟,13不干涉中立立场
77,中国,12维权
77,东盟,12维权
79,菲律宾,12维权
79,中国,12维权
80,新加坡,14其他
80,印度尼西亚,14其他
81,菲律宾海军,9先占
81,中国海监船制,12维权
82,中国,9先占
83,东盟,14其他
83,中国,14其他
84,菲律宾,14其他
84,美国,8限制管辖权
84,东盟,13不干涉中立立场
85,越南,14其他
86,东盟,14其他
87,菲律宾,14其他
87,越南,14其他
88,东盟,14其他
88,中国,12维权
89,东盟,14其他
90,东盟,14其他
91,美国,14其他
92,美国,13不干涉中立立场
93,印度,14其他
94,越南,14其他
94,菲律宾,14其他
95,文莱,14其他
96,菲律宾资深外交官、东盟前秘书长、新加坡东南亚研究所东盟研究中心主任鲁道夫·塞维利诺,14其他
97,东盟,14其他
98,菲律宾,14其他
98,越南,14其他
99,菲律宾,14其他
100,越南,14其他
101,菲律宾,12维权
102,中国,9先占
103,越南,9先占
103,菲律宾,9先占
103,印度尼西亚,9先占
103,马来西亚,9先占
104,菲律宾,9先占
105,越南,9先占
105,菲律宾,9先占
105,印度尼西亚,9先占
105,马来西亚,9先占
106,中国外交部,12维权
107,马来西亚,14其他
107,越南,14其他
108,印度尼西亚,14其他
110,菲律宾,9先占
111,菲律宾,14其他
112,越南外交学院外交与战略研究所的黄英俊(HoangAnhTun),14其他
113,越南,14其他
113,菲律宾,14其他
114,菲律宾,14其他
115,西方学者,14其他
117,美国国务卿希拉里·克林顿,14其他
118,希拉里,14其他
119,美国,14其他
120,东盟,14其他
121,中国,14其他
121,东盟,14其他
122,中国,14其他
122,东盟,14其他
123,中国涉海部门,14其他
124,中国,14其他
125,菲律宾,14其他
126,中国,12维权
127,中国,1对自然资源的主权
128,中国,14其他
129,中国内政部,9先占
130,中国,14其他
130,东盟,14其他
131,中国,14其他
131,东盟,14其他
132,菲律宾总统阿罗约,9先占
133,菲律宾,14其他
134,中国,14其他
134,菲律宾,14其他
135,菲律宾,14其他
138,中国,14其他
139,菲律宾,14其他
140,美国,8限制管辖权
140,菲律宾,14其他
141,菲律宾政府,9先占
142,菲律宾总统基季里诺(Quirino),14其他
143,托马斯·克洛马(TomasCloma),9先占
144,菲律宾政府,9先占
144,瑞典公司,9先占
145,菲律宾,14其他
146,菲律宾,9先占
147,菲律宾,9先占
148,菲律宾,14其他
149,菲律宾,12维权
150,菲律宾,9先占
151,中国,9先占
152,菲律宾,14其他
153,菲律宾,14其他
155,菲律宾国防部长加斯明,14其他
156,菲律宾,14其他
157,菲律宾,14其他
158,菲律宾外长,14其他
159,菲律宾,9先占
160,菲律宾,12维权
161,菲律宾,12维权
162,菲律宾,12维权
162,美国,8限制管辖权
163,美国参议院,8限制管辖权
163,中国,9先占
163,美国军队,8限制管辖权
163,菲律宾,12维权
164,菲律宾,12维权
165,菲律宾外交部,12维权
165,中国,9先占
166,菲律宾外长罗萨里奥,12维权
166,中国,9先占
167,菲律宾总统阿基诺三世,12维权
167,外长罗萨里奥,12维权
167,东盟,8限制管辖权
168,阿基诺三世,1对自然资源的主权
169,罗萨里奥,4国家防卫权或领空权或滥悬船旗管辖权
170,阿基诺总统,12维权
170,越南,8限制管辖权
171,阿基诺总统,12维权
172,菲律宾外长罗萨里奥,12维权
172,东盟,8限制管辖权
173,中国,12维权
173,东盟,12维权
174,菲律宾,12维权
175,菲律宾,12维权
176,中国,12维权
176,东盟,12维权
177,中国,12维权
177,印度尼西亚,13不干涉中立立场
177,东盟,12维权
178,与会各国外长,13不干涉中立立场
179,中国领导人,12维权
179,东盟,12维权
180,菲律宾总统阿基诺三世,12维权
180,中国,12维权
181,中国,9先占
182,菲律宾,14其他
183,菲律宾马尼拉航海学校校长克洛马(TomasCloma),9先占
184,克洛马,9先占
185,菲律宾政府,12维权
185,台湾,4国家防卫权或领空权或滥悬船旗管辖权
185,克洛马,9先占
186,菲律宾政府,9先占
187,菲律宾,9先占
188,菲律宾总统马科斯,9先占
189,菲律宾,5海洋科学研究权
190,菲律宾,1对自然资源的主权
191,菲律宾,12维权
191,中国,10添附
192,菲律宾,12维权
192,中国,5海洋科学研究权
193,菲律宾,12维权
194,菲律宾,4国家防卫权或领空权或滥悬船旗管辖权
195,菲律宾议员,9先占
196,中国,12维权
196,东盟,12维权
197,菲律宾,9先占
198,中国,12维权
198,东盟,12维权
199,菲律宾,9先占
200,阿基诺三世,12维权
201,中国,9先占
202,菲律宾,12维权
202,中国,9先占
203,菲律宾外交部长德尔罗萨里奥,12维权
204,菲律宾,12维权
204,中国,4国家防卫权或领空权或滥悬船旗管辖权
205,菲外长德尔罗萨里奥,1对自然资源的主权
206,菲律宾,12维权
207,菲律宾,12维权
208,阿基诺三世,12维权
208,中国,9先占
209,阿基诺三世,1对自然资源的主权
210,菲律宾外长德尔罗萨里奥,4国家防卫权或领空权或滥悬船旗管辖权
211,阿基诺三世,12维权
212,阿基诺三世,12维权
213,菲律宾,12维权
214,前驻美大使德尔罗萨里奥,12维权
215,德尔罗萨里奥,12维权
216,菲律宾国防部长加斯明,12维权
217,菲律宾,4国家防卫权或领空权或滥悬船旗管辖权
217,美国,8限制管辖权
218,美国众议院,8限制管辖权
218,菲律宾,12维权
219,菲律宾,10添附
220,菲律宾,4国家防卫权或领空权或滥悬船旗管辖权
221,菲律宾总统阿基诺三世,4国家防卫权或领空权或滥悬船旗管辖权
222,菲律宾,12维权
223,菲律宾前国防部长、现参议院议长恩里莱,12维权
224,美国国务卿希拉里,8限制管辖权
225,菲律宾,12维权
225,日本,8限制管辖权
226,菲律宾政府,9先占
226,托马斯·克洛马（TomasCloma）,9先占
227,美国,13不干涉中立立场
228,菲律宾驻联合国代表,12维权
229,沙利文,8限制管辖权
229,菲律宾,12维权
230,美国国务院,13不干涉中立立场
231,菲律宾总统马科斯,12维权
232,基辛格,13不干涉中立立场
233,美国国会研究服务中心,8限制管辖权
233,中国,9先占
234,美国,13不干涉中立立场
235,美国海军上将理查德·麦克（RichardC.Macke）,7无害通过权
236,克林顿政府,8限制管辖权
237,美国,7无害通过权
238,美国,8限制管辖权
239,美国参议院,8限制管辖权
239,中国,9先占
239,菲律宾,12维权
240,阿基诺,14其他
241,菲律宾,14其他
242,菲律宾,14其他
243,中菲律宾,14其他
244,菲律宾,14其他
245,菲律宾,14其他
246,菲律宾,14其他
247,美国,14其他
248,菲律宾,14其他
249,中国,14其他
250,中国,14其他
251,中国,14其他
252,澳大利亚国防大学亚洲国际问题知名学者卡莱尔·塞耶,14其他
253,菲律宾总统阿基诺三世,14其他
254,东盟,14其他
255,东盟,14其他
256,东盟新任秘书长黎良明,14其他
257,柬埔寨,14其他
258,国内学者,14其他
259,美国时任国务卿希拉里•克林顿,14其他
260,东盟,14其他
261,中国,14其他
261,东盟,14其他
262,中国外长,14其他
262,东盟外长,14其他
263,中国,12维权
264,东盟,14其他
265,东盟,14其他
266,新加坡时任外长黄根成,14其他
267,中国,14其他
268,东盟,14其他
269,马来西亚,14其他
269,越南,14其他
270,菲律宾,12维权
271,菲律宾,12维权
272,中国,14其他
273,菲律宾,14其他
273,中国,14其他
274,菲律宾,14其他
275,菲律宾海军,14其他
275,中国海监船,3航行管理权
276,菲律宾军方发言人,9先占
277,阿基诺三世政府,14其他
278,菲律宾,14其他
279,菲政府,12维权
280,菲政府,14其他
281,美菲律宾,14其他
282,阿基诺三世政府,14其他
283,中菲律宾,14其他
284,菲律宾,10添附
285,菲律宾论坛能源公司,10添附
286,阿基诺三世,14其他
287,中菲律宾,14其他
289,菲反对党,9先占
290,阿基诺三世政府,14其他
291,菲律宾,14其他
292,菲律宾,14其他
293,菲律宾,12维权
294,南海仲裁案仲裁庭,14其他
295,中国法学会,14其他
296,中国法学会,14其他
297,仲裁庭,8限制管辖权
298,中华人民共和国政府,12维权
299,《中华人民共和国和菲律宾共和国关于南海问题和其他领域合作的磋商联合声明》,14其他
300,菲律宾,14其他
301,菲律宾,12维权
302,中国台湾的国际法学会,14其他
303,宋朝,11时效
306,菲律宾,14其他
307,中菲律宾,14其他
308,仲裁庭,14其他
309,国际条约,14其他
310,海争端临时仲裁庭,14其他
312,美国,14其他
313,美国,14其他
314,中国领导人邓小平,14其他
315,中国国家主席杨尚昆,14其他
316,中国,14其他
317,美国学者扬,14其他
322,国外研究者,8限制管辖权
323,美国,14其他
325,菲律宾国会,9先占
326,内政部方域司,9先占
327,中华人民共和国,9先占
328,台湾,9先占
329,台湾,9先占
330,中国方面,12维权
331,台湾海军,12维权
332,菲律宾,10添附
332,越南,10添附
333,英国人,10添附
334,法国,10添附
335,日本,10添附
336,美国,10添附
337,法国殖民者,14其他
338,法国,9先占
339,法国殖民政府,9先占
340,法国外交部,9先占
341,日本,9先占
342,日本侵略军,9先占
343,清政府,9先占
344,民国政府,9先占
355,马来西亚空军,4国家防卫权或领空权或滥悬船旗管辖权
357,越南共和国政府,1对自然资源的主权
358,越南共和国,9先占
361,越南,12维权
362,越南民主共和国,12维权
364,中国,9先占
365,克里斯通能源公司,1对自然资源的主权
365,中国海洋石油公司,1对自然资源的主权
371,菲律宾,14其他
372,东盟外交部长,14其他
373,菲律宾,14其他
374,菲律宾,8限制管辖权
374,中国,10添附
376,美国,14其他
377,美国,14其他
378,美国,14其他
378,东盟,14其他
379,美国,14其他
380,菲律宾军方,4国家防卫权或领空权或滥悬船旗管辖权
381,菲律宾海军,4国家防卫权或领空权或滥悬船旗管辖权
383,菲律宾参议院,14其他
384,菲律宾,12维权
385,中国,10添附
387,中国,10添附
391,美国官员,14其他
392,美国,14其他
393,美国,14其他
393,印度,14其他
394,越南,1对自然资源的主权
394,菲律宾,1对自然资源的主权
394,中国,1对自然资源的主权
396,美国,8限制管辖权
397,美国,14其他
399,中国海军,4国家防卫权或领空权或滥悬船旗管辖权
400,中国海军,4国家防卫权或领空权或滥悬船旗管辖权
401,越南,14其他
401,菲律宾,14其他
401,马来西亚,1对自然资源的主权
401,美国,14其他
401,中国,14其他
402,美国,14其他
403,越南,12维权
403,中国,14其他
404,美国,14其他
405,美国,14其他
405,中国,14其他
407,美国,14其他
407,中国,12维权
407,菲律宾,12维权
408,美国,8限制管辖权
408,中国,9先占
409,美国,14其他
410,美国,13不干涉中立立场
413,越南,14其他
413,美国,8限制管辖权
414,美国,8限制管辖权
415,菲律宾,12维权
416,我国,14其他
418,菲律宾,9先占
419,菲律宾政府及领导人,12维权
420,菲律宾,12维权
420,中国,14其他
421,中国,14其他
422,菲律宾,12维权
422,中国,14其他
423,中国,14其他
425,中国领导人,14其他
426,中国,14其他
426,菲律宾,14其他
427,中国,14其他
427,越南,14其他
427,菲律宾,14其他
428,中国,14其他
428,马来西亚,14其他
428,印度尼西亚,14其他
429,中国,14其他
429,东盟,14其他
429,东盟,14其他
430,越南,6海洋环境的保护和保全权
430,中国,6海洋环境的保护和保全权
431,越南,14其他
431,中国,14其他
431,菲律宾,9先占
433,菲海警,4国家防卫权或领空权或滥悬船旗管辖权
434,菲律宾,14其他
435,中国,14其他
435,东盟,14其他
436,中菲越三国石油公司,1对自然资源的主权
437,中国,1对自然资源的主权
437,菲律宾,1对自然资源的主权
440,中国,4国家防卫权或领空权或滥悬船旗管辖权
441,中国外交部发言人,12维权
442,越南国防部,12维权
443,越南国防部,12维权
444,越南,8限制管辖权
445,越南总理阮晋勇,8限制管辖权
446,邓小平,12维权
447,菲律宾,8限制管辖权
448,美国,13不干涉中立立场
449,美国,13不干涉中立立场
450,希拉里•克林顿国务卿,8限制管辖权
451,马来西亚空军,8限制管辖权
452,美国,8限制管辖权
453,越南共和国政府,8限制管辖权
454,越南共和国,8限制管辖权
455,中国,12维权
456,美国国防部,13不干涉中立立场
457,越南,8限制管辖权
458,越南民主共和国,8限制管辖权
459,美国,13不干涉中立立场
460,中国,12维权
461,美国公司——克里斯通能源公司,1对自然资源的主权
462,美国国务院,14其他
463,美国国防部,14其他
464,美国,13不干涉中立立场
465,美国,14其他
466,东盟,13不干涉中立立场
467,马尼拉,14其他
468,东盟外交部长,13不干涉中立立场
469,菲律宾,14其他
470,菲律宾,8限制管辖权
471,美国国务院,14其他
472,美国副国务卿尼古拉斯•伯恩斯,8限制管辖权
473,中菲律宾,8限制管辖权
474,美国,8限制管辖权
475,美国,8限制管辖权
476,中国,12维权
477,菲律宾,8限制管辖权
478,美国国务院东亚与太平洋事务局,8限制管辖权
479,美国,8限制管辖权
480,菲律宾,8限制管辖权
481,国务卿克里斯托弗,8限制管辖权
482,美国国防部,13不干涉中立立场
483,美国国务院副发言人詹姆斯•福利,8限制管辖权
484,众议院国际关系委员会东亚和太平洋事务小组委员会,8限制管辖权
485,国务卿詹姆斯•鲁宾,7无害通过权
486,亚太事务助理国务卿罗斯,7无害通过权
487,东盟,14其他
488,美国,14其他
489,美国,8限制管辖权
490,中国,1对自然资源的主权
491,美国,8限制管辖权
492,美国,8限制管辖权
493,美国,14其他
494,美国,14其他
495,中国海军,4国家防卫权或领空权或滥悬船旗管辖权
496,中国,14其他
497,越南,8限制管辖权
498,美国,14其他
499,美国,8限制管辖权
500,美国亚太事务助理国务卿库尔特•坎贝尔,7无害通过权
501,美国,13不干涉中立立场
502,美国国务院,14其他
503,美国,8限制管辖权
504,美国,8限制管辖权
505,美国助理国务卿坎贝尔,14其他
506,美国国务院亚太事务代理助理国务卿约瑟夫•云,13不干涉中立立场
507,美国,14其他
508,美国,7无害通过权
509,越南,14其他
510,美国,14其他
511,中国,4国家防卫权或领空权或滥悬船旗管辖权
512,南越,4国家防卫权或领空权或滥悬船旗管辖权
513,中国,4国家防卫权或领空权或滥悬船旗管辖权
514,中国,4国家防卫权或领空权或滥悬船旗管辖权
515,台守军,4国家防卫权或领空权或滥悬船旗管辖权
516,中国,4国家防卫权或领空权或滥悬船旗管辖权
517,马英九,4国家防卫权或领空权或滥悬船旗管辖权
518,菲律宾,8限制管辖权
519,美国,8限制管辖权
520,越南,8限制管辖权
521,越南,14其他
522,越南,8限制管辖权
523,越南,14其他
524,越南,8限制管辖权
525,阮晋勇,14其他
526,美国,8限制管辖权
527,美国国防部长盖茨,8限制管辖权
528,美国,8限制管辖权
529,美国,8限制管辖权
530,美国,14其他
531,美国,14其他
532,美国国务卿希拉里,14其他
533,东盟,14其他
534,东盟,14其他
535,东盟,13不干涉中立立场
536,东盟,13不干涉中立立场
537,东盟,13不干涉中立立场
538,中国,4国家防卫权或领空权或滥悬船旗管辖权
539,越南,8限制管辖权
540,美国海军战争学院教授彼得·达顿,14其他
541,中国,12维权
542,越南,14其他
543,越南,14其他
544,越南,1对自然资源的主权
545,菲律宾,1对自然资源的主权
546,美国太平洋舰队司令威拉德,14其他
547,菲律宾总统,14其他
548,马来西亚,14其他
549,马来西亚海军,14其他
550,印度尼西亚海军,14其他
551,印度尼西亚,14其他
552,越南,14其他
553,菲律宾能源部,1对自然资源的主权
554,菲律宾,1对自然资源的主权
555,菲律宾参议员,1对自然资源的主权
556,越南,14其他
557,印度尼西亚总统,13不干涉中立立场
558,印度尼西亚,14其他
559,美国,14其他
560,越南,14其他
560,菲律宾,14其他
561,美国,14其他
561,东南亚国家,14其他
562,美国,14其他
563,美国,14其他
564,菲律宾,14其他
564,马来西亚,14其他
565,越南,14其他
565,菲律宾,14其他
565,马来西亚,14其他
566,克林顿政府,14其他
567,美日本,14其他
568,中国,12维权
569,美国,14其他
569,中国,14其他
570,中国,4国家防卫权或领空权或滥悬船旗管辖权
571,中国,12维权
572,东盟,14其他
573,中国,12维权
574,中国,14其他
575,菲律宾,14其他
575,马来西亚,14其他
576,中国,4国家防卫权或领空权或滥悬船旗管辖权
577,中国,14其他
578,台湾,14其他
579,中国南海舰队,14其他
580,中国,14其他
580,东盟,14其他
581,奥巴马,14其他
582,马来西亚,14其他
583,东盟,14其他
584,东盟,14其他
585,东盟,14其他
586,东盟,14其他
587,东盟,14其他
588,印度尼西亚,14其他
589,东盟,14其他
590,菲律宾,14其他
591,中国,14其他
591,菲律宾,14其他
594,东盟,14其他
594,中国,14其他
595,印度尼西亚,14其他
596,柬埔寨,14其他
597,东盟,13不干涉中立立场
598,东盟,13不干涉中立立场
599,盟秘书长素林·比素万,13不干涉中立立场
600,东盟,14其他
601,印尼国防部发言人哈廷德,14其他
602,东盟,14其他
603,东盟,14其他
604,柬埔寨首相洪森,14其他
605,东盟秘书长素林·比素万,14其他
606,东盟,14其他
606,中国,14其他
607,泰国,14其他
608,美国国务卿希拉里,14其他
609,东盟,14其他
610,中国,14其他
611,东盟,14其他
612,东盟外长,14其他
613,新加坡总理李显龙,14其他
614,东盟各国海军司令,14其他
615,越南,14其他
616,菲律宾,14其他
617,菲律宾外长罗萨里奥,14其他
618,美国和平研究所,14其他
619,美国国务卿希拉里,14其他
620,美国国务卿希拉里,14其他
621,希拉里,14其他
622,美国参议员克里、麦凯恩和利伯曼,14其他
623,中国,14其他
624,东盟,13不干涉中立立场
625,希拉里,14其他
626,印尼外长马蒂,14其他
627,印度尼西亚,14其他
628,中国,14其他
628,南越,14其他
629,美国,14其他
630,美国,14其他
631,美国布什政府,14其他
632,美国,14其他
633,美国国防部长威廉·佩里,14其他
634,美国,14其他
635,美国国防部,14其他
636,美国,14其他
637,美国国防部负责国际安全事务的副国务卿约瑟夫·奈,14其他
638,美国和平研究所,14其他
639,美国,14其他
640,美国,8限制管辖权
641,美国国务卿希拉里,12维权
642,中国,12维权
643,美英,9先占
644,美军,8限制管辖权
645,日本,14其他
646,日本,2沿海贸易权
647,中国人民解放军,14其他
648,菲律宾,4国家防卫权或领空权或滥悬船旗管辖权
649,菲律宾政府,4国家防卫权或领空权或滥悬船旗管辖权
650,菲律宾总统季里诺,9先占
651,马尼拉海运学校校长托马斯•克洛马,9先占
652,越南副外长雍文谦,4国家防卫权或领空权或滥悬船旗管辖权
652,越南副外长雍文谦,12维权
653,中国,12维权
653,中国,12维权
654,南越当局,14其他
655,周恩来,12维权
656,美国人理査德•阿普盖特,4国家防卫权或领空权或滥悬船旗管辖权
657,中国,12维权
658,中国,12维权
659,中国外交部,4国家防卫权或领空权或滥悬船旗管辖权
660,中国,12维权
661,《马尼拉日报》,12维权
662,外部势力,14其他
663,中共中央,12维权
663,中共中央,12维权
664,国务院,12维权
665,地图出版社,12维权
665,地图出版社,12维权
666,西方学者,14其他
667,菲律宾,14其他
668,世界权威能源咨询机构ＨＩＳ公司,14其他
669,越南,1对自然资源的主权
670,菲律宾,1对自然资源的主权
671,菲律宾,14其他
672,菲律宾政府,1对自然资源的主权
673,菲律宾,14其他
674,马来西亚,14其他
675,马来西亚,14其他
676,中国,2沿海贸易权
677,美国能源信息署,1对自然资源的主权
678,中国———东盟货物贸易,2沿海贸易权
679,美国,14其他
680,日本,14其他
681,中国,2沿海贸易权
682,中国,14其他
683,马来西亚政府,2沿海贸易权
684,马来西亚,1对自然资源的主权
685,马来西亚,14其他
686,马来西亚,4国家防卫权或领空权或滥悬船旗管辖权
687,马来西亚副外长阿卜杜拉,14其他
688,马来西亚,4国家防卫权或领空权或滥悬船旗管辖权
689,马来西亚,4国家防卫权或领空权或滥悬船旗管辖权
690,马来西亚,9先占
691,马来西亚,9先占
692,马来西亚,9先占
693,马来西亚总理马哈蒂尔,14其他
694,马来西亚最高元首阿兹兰·沙阿夫妇,14其他
695,马哈蒂尔,14其他
696,马哈蒂尔,14其他
697,东盟,12维权
698,马来西亚与越南,4国家防卫权或领空权或滥悬船旗管辖权
699,马来西亚总理纳吉布,14其他
700,马来西亚新任总理纳吉布,1对自然资源的主权
701,马来西亚,1对自然资源的主权
702,马来西亚皇家海军,14其他
703,马来西亚,14其他
704,马来西亚,14其他
705,美国国务卿希拉里,13不干涉中立立场
706,中国媒体数据库,14其他
708,美国“拉森”号军舰,3航行管理权
709,美军,4国家防卫权或领空权或滥悬船旗管辖权
710,美国“柯蒂斯威尔伯”号,3航行管理权
711,中国,14其他
712,克林顿政府,3航行管理权
713,希拉里,3航行管理权
714,美国助理国务卿丹尼尔·拉塞尔,12维权
715,东盟,14其他
716,内阁官房长官菅义伟,14其他
717,澳大利亚《悉尼先驱晨报》,14其他
718,菲律宾、越南,14其他
719,中、菲、越三国的石油公司,14其他
720,菲律宾、越南等国,14其他
721,美国,3航行管理权
722,美国参议院外交事务委员会亚太小组主席韦伯,14其他
723,印度尼西亚,14其他
724,美国,14其他
725,克林顿政府,14其他
726,美日本,14其他
727,希拉里·克林顿,14其他
728,克林顿政府,12维权
729,美国,14其他
730,美国,14其他
731,参议员杰姆·韦伯,14其他
732,韦伯,10添附
733,西方主流媒体,14其他
734,中国,4国家防卫权或领空权或滥悬船旗管辖权
735,日本媒体,14其他
735,日本媒体,14其他
736,奥巴马政府,4国家防卫权或领空权或滥悬船旗管辖权
737,美国,10添附
738,越南国防部长,14其他
739,奥巴马政府高层政要,14其他
740,美国太平洋司令乌伊拉德(Willard)上将,12维权
741,奥巴马政府要员,14其他
742,中国,8限制管辖权
743,奥巴马政府,14其他
744,中国,12维权
745,美国,14其他
746,美国海军战争学院教授彼得·达顿,8限制管辖权
747,美国,14其他
748,希拉里·克林顿,14其他
749,美国,14其他
750,澳大利亚学者山姆·贝特曼,12维权
751,越南,14其他
753,美国商船“中国皇后”号,14其他
755,后克林顿政府,12维权
756,美国,14其他
757,美国国务卿希拉里,12维权
758,新加坡资政李光耀,14其他
759,参议院,14其他
760,美国国家地理协会,14其他
761,五角大楼助理国防部长帮办罗伯特·谢尔(RobertScher),14其他
762,美国“乔治·华盛顿”号航母和“约翰·麦凯恩”号反导弹驱逐舰,14其他
763,奥巴马政府,14其他
764,美国,14其他
765,东南亚国家,14其他
766,《美国与东盟联合声明》,14其他
767,越南,14其他
768,美国与日本、澳大利亚,4国家防卫权或领空权或滥悬船旗管辖权
769,中美南海撞机事件,14其他
769,“无暇”号事件,14其他
770,菲律宾,14其他
772,菲律宾国会,9先占
772,马来西亚总理巴达维,12维权
772,南裔侨民,14其他
773,美国和部分东南亚国家,14其他
774,美国与东南亚六国,14其他
775,中国与东盟,14其他
776,该宣言,14其他
777,奥巴马政府,14其他
778,希拉里,4国家防卫权或领空权或滥悬船旗管辖权
779,中国与东盟,14其他
780,美国军舰,14其他
781,美国,14其他
782,政界和军界强硬派,1对自然资源的主权
783,美国军舰,14其他
784,美方,14其他
785,美军,14其他
786,美国军舰“拉森”号,14其他
788,美军,14其他
790,美军方,14其他
791,美国,14其他
793,美国国务卿希拉里·克林顿,14其他
794,中国与东盟,14其他
795,中国、越南、菲律宾,1对自然资源的主权
796,美国国防部长罗伯特·盖茨,13不干涉中立立场
797,美国太平洋司令部司令罗伯特·威拉特,14其他
799,美国海军监测船,14其他
800,美国核动力航空母舰“乔治·华盛顿号”,14其他
801,中国,12维权
802,美军,14其他
803,美军,4国家防卫权或领空权或滥悬船旗管辖权
804,美国、日本和澳大利亚,14其他
805,艾立信,14其他
806,美国防部,14其他
807,菲律宾,14其他
809,越南和马来西亚,14其他
810,菲律宾,8限制管辖权
811,我国台湾地区,14其他
812,中国,14其他
813,澳大利亚外长陆克文,14其他
814,澳大利亚与美国,14其他
815,澳大利亚海军会同美国海军、日本海上自卫队,14其他
816,澳大利亚外长多纳,14其他
817,澳大利亚和菲律宾,14其他
819,中国“水陆地图审查委员会”,12维权
820,民国政府,12维权
821,国民政府内政部,9先占
822,中国,14其他
823,中国台湾当局,12维权
824,中国外交部,12维权
825,《中华人民共和国政府关于领海的声明》,9先占
826,中国政府水陆地图审查委员会,9先占
827,中国地名委员会,14其他
828,中国海监编队,12维权
829,中国内政部委派肖次尹和麦蕴瑜,14其他
830,中国内政部,14其他
831,美国,12维权
832,菲律宾国会,12维权
833,马来西亚总理巴达维,12维权
834,美海军监测船,14其他
835,东盟外长会议,14其他
836,东盟,14其他
837,《中国地名委员会受权公布的南海诸岛部分标准地名》,14其他
838,中国海洋总石油公司与菲律宾国家石油公司,5海洋科学研究权
839,越南,14其他
840,越南,14其他
841,越南,9先占
841,马来西亚,9先占
842,菲律宾总统马科斯,9先占
843,菲律宾,9先占
844,菲律宾外交部,9先占
845,马来西亚,1对自然资源的主权
846,马来西亚,9先占
847,马来西亚,9先占
848,文莱,9先占
849,文莱,9先占
851,美国国务卿希拉里·克林顿,14其他
852,法国,9先占
853,委员会,14其他
854,中国,14其他
855,中国,11时效
856,中国,14其他
856,越南,14其他
857,中国,14其他
859,中国,9先占
860,中国,11时效
861,菲律宾,9先占
861,马来西亚,9先占
861,越南,9先占
862,日本,9先占
863,菲律宾外交次长梅仁·马牙洛,9先占
864,菲律宾参议员罗伯特·贾沃斯基(RobertS.Jaworski),14其他
865,菲律宾,9先占
866,越南,5海洋科学研究权
866,俄罗斯,5海洋科学研究权
867,越南,14其他
867,中国,14其他
868,越南,9先占
868,马来西亚,9先占
869,中国,1对自然资源的主权
869,马来西亚,1对自然资源的主权
869,越南,1对自然资源的主权
869,印度尼西亚,1对自然资源的主权
869,文莱,1对自然资源的主权
870,越南,1对自然资源的主权
871,中国外交部,1对自然资源的主权
872,越南,1对自然资源的主权
872,美国,1对自然资源的主权
873,菲律宾,1对自然资源的主权
873,中国,1对自然资源的主权
873,越南,1对自然资源的主权
874,菲律宾,1对自然资源的主权
874,英国,1对自然资源的主权
877,马来西亚,14其他
877,中国,14其他
878,印度,14其他
878,越南,14其他
878,印度尼西亚,14其他
878,马来西亚,14其他
879,菲律宾众议院黎敏尼舍曾,14其他
879,中国,14其他
880,美国,14其他
880,联合国,14其他
881,中国,14其他
883,中国外长,12维权
884,越南,14其他
885,越南,14其他
885,菲律宾,14其他
885,美国,14其他
885,日本,14其他
885,印度,14其他
886,越共总书记,14其他
886,印度,14其他
887,菲律宾外长,1对自然资源的主权
888,美国,14其他
888,越南,14其他
888,柬埔寨,14其他
889,菲律宾,9先占
890,菲律宾,9先占
891,中国,11时效
892,中国,11时效
893,菲律宾,9先占
894,中国,9先占
895,越南外交部,11时效
896,越南,14其他
897,中国,9先占
898,中国,9先占
899,中国,11时效
900,美国,14其他
904,中国,14其他
905,越南,14其他
906,越南,11时效
907,菲律宾,11时效
908,马来西亚国防部长,9先占
909,马来西亚,9先占
910,中国总理温家宝,14其他
911,越南,1对自然资源的主权
911,英国,1对自然资源的主权
912,越南,1对自然资源的主权
913,越南,14其他
914,菲律宾国防部长,14其他
915,菲律宾,1对自然资源的主权
915,英国,1对自然资源的主权
916,菲律宾,9先占
917,中国,9先占
917,越南,9先占
918,中国,11时效
919,中国,14其他
920,越南,8限制管辖权
920,中国,8限制管辖权
921,中国,1对自然资源的主权
921,越南,8限制管辖权
922,越南,14其他
922,马来西亚,14其他
923,越南,14其他
924,文莱,14其他
925,文莱,14其他
925,马来西亚,14其他
926,中国,1对自然资源的主权
926,印度尼西亚,14其他
927,中国,14其他
928,菲律宾,8限制管辖权
929,美国,14其他
929,菲律宾,10添附
930,中国,9先占
93,日本,暂无分类
431,中国渔船,暂无分类
414,希拉里•克林顿,暂无分类
481,菲律宾政府,暂无分类
389,助理国务卿詹姆斯•鲁宾(JamesRubin),暂无分类
274,中国,暂无分类
284,菲律宾能源部副部长若泽•拉约格,暂无分类
925,中国,暂无分类
250,东盟,暂无分类
451,中国,暂无分类
489,日本,暂无分类
582,中国,暂无分类
574,越南,暂无分类
579,越南,暂无分类
257,东盟,暂无分类
389,美国,暂无分类
215,美国,暂无分类
102,美国,暂无分类
388,中国,暂无分类
168,新加坡,暂无分类
601,菲律宾,暂无分类
383,美国,暂无分类
305,中国台湾领导人马英九,暂无分类
212,中国,暂无分类
451,马来西亚,暂无分类
179,中国,暂无分类
497,美国,暂无分类
447,美国,暂无分类
266,中国,暂无分类
282,美国,暂无分类
312,菲律宾,暂无分类
497,菲律宾,暂无分类
625,美国国务卿希拉里,暂无分类
257,中国,暂无分类
240,阿罗约,暂无分类
624,菲律宾,暂无分类
205,东盟,暂无分类
252,文莱,暂无分类
497,马来西亚,暂无分类
519,中国,暂无分类
252,中国,暂无分类
308,阿基诺三世,暂无分类
109,菲律宾,暂无分类
602,新加坡总理李显龙,暂无分类
600,越南,暂无分类
464,中国,暂无分类
355,马来西亚,暂无分类
239,美国军队,暂无分类
546,美国,暂无分类
440,菲律宾,暂无分类
210,越南,暂无分类
315,印度尼西亚,暂无分类
312,东盟,暂无分类
434,杨应琳,暂无分类
312,新加坡学者李泰,暂无分类
621,东盟,暂无分类
355,中国,暂无分类
444,中国,暂无分类
244,美国,暂无分类
628,美国,暂无分类
440,东盟,暂无分类
303,清朝,暂无分类
439,菲律宾,暂无分类
459,科索沃,暂无分类
412,一些东南亚国家,暂无分类
566,美国,暂无分类
368,美国,暂无分类
337,中国,暂无分类
424,美国业余无线电协会,暂无分类
548,中国,暂无分类
464,菲律宾,暂无分类
209,印度尼西亚,暂无分类
922,中国,暂无分类
262,印度尼西亚,暂无分类
261,柬埔寨金边,暂无分类
267,中国首席代表唐家璇,暂无分类
617,中国,暂无分类
281,中菲律宾,暂无分类
581,美国国会参议院外交关系委员会,暂无分类
405,东盟,暂无分类
562,越南,暂无分类
869,泰国,暂无分类
252,泰国,暂无分类
312,中国,暂无分类
520,美国,暂无分类
248,中国,暂无分类
465,菲律宾,暂无分类
621,美国国务卿希拉里,暂无分类
190,瑞典,暂无分类
222,中国,暂无分类
101,中国,暂无分类
627,越南,暂无分类
216,美国,暂无分类
313,东盟,暂无分类
410,美国国务院亚太事务代理助理国务卿约瑟夫•云（JosephYun）,暂无分类
213,中国,暂无分类
279,中国,暂无分类
325,马来西亚,暂无分类
214,罗慕洛,暂无分类
387,东盟,暂无分类
457,中国,暂无分类
240,菲律宾政府,暂无分类
137,马来西亚,暂无分类
168,印度尼西亚,暂无分类
616,中国,暂无分类
604,东盟十国,暂无分类
252,东盟,暂无分类
159,美国,暂无分类
616,柬埔寨,暂无分类
622,东盟,暂无分类
369,中国,暂无分类
257,菲律宾,暂无分类
214,美国,暂无分类
446,中国,暂无分类
547,美国,暂无分类
286,中国,暂无分类
253,文莱,暂无分类
523,菲律宾,暂无分类
171,泰国,暂无分类
439,东盟,暂无分类
433,中国,暂无分类
464,马来西亚,暂无分类
464,日本,暂无分类
274,阿基诺三世,暂无分类
508,中国,暂无分类
202,联合国,暂无分类
624,越南,暂无分类
368,中国,暂无分类
433,中国渔民,暂无分类
538,东盟,暂无分类
209,东盟成员国,暂无分类
524,美国,暂无分类
212,泰国,暂无分类
620,东盟,暂无分类
578,中国,暂无分类
916,中国,暂无分类
417,中国,暂无分类
266,东盟,暂无分类
450,美国,暂无分类
59,中国,暂无分类
155,美国,暂无分类
219,奥万,暂无分类
362,越南共和国军队,暂无分类
434,阿罗约,暂无分类
490,越南,暂无分类
459,波黑,暂无分类
275,中国渔民,暂无分类
461,中国海洋石油公司,暂无分类
467,菲律宾,暂无分类
370,东盟,暂无分类
424,中国,暂无分类
174,印度,暂无分类
270,中国,暂无分类
213,东盟十国,暂无分类
228,中国代表,暂无分类
503,菲律宾,暂无分类
137,越南,暂无分类
540,美国,暂无分类
626,东盟,暂无分类
338,中国,暂无分类
292,中国,暂无分类
197,越南,暂无分类
717,澳大利亚,暂无分类
439,美国,暂无分类
339,越南承天省,暂无分类
215,菲律宾,暂无分类
95,马来西亚,暂无分类
390,亚太事务助理国务卿罗斯,暂无分类
93,美国,暂无分类
451,菲律宾空军,暂无分类
556,中国,暂无分类
564,中国,暂无分类
263,南越,暂无分类
490,菲律宾,暂无分类
470,中国,暂无分类
504,中国,暂无分类
271,东盟,暂无分类
310,菲律宾,暂无分类
456,苏联,暂无分类
440,印度,暂无分类
247,菲律宾,暂无分类
323,中国,暂无分类
251,东盟,暂无分类
528,日本,暂无分类
276,中国,暂无分类
622,中国,暂无分类
539,马来西亚,暂无分类
501,东盟,暂无分类
581,美国,暂无分类
617,东盟,暂无分类
253,东盟,暂无分类
235,中国,暂无分类
165,联合国,暂无分类
417,仲裁庭,暂无分类
310,中国,暂无分类
214,阿基诺三世,暂无分类
368,美国东亚事务助理国务卿理查德•所罗门(RichardSolomon),暂无分类
390,美国,暂无分类
532,中国,暂无分类
416,中国,暂无分类
185,马科斯,暂无分类
258,中国,暂无分类
385,菲律宾政府,暂无分类
289,菲律宾,暂无分类
388,助理国务卿斯坦利•罗斯(StanleyRoth),暂无分类
567,美国,暂无分类
234,中国,暂无分类
601,印度尼西亚,暂无分类
581,中国,暂无分类
387,美国国务院副发言人詹姆斯•福利(JamesFoley),暂无分类
412,中国,暂无分类
465,中国,暂无分类
272,东盟10国,暂无分类
273,东盟,暂无分类
539,美国,暂无分类
528,北京,暂无分类
560,中国,暂无分类
271,中国,暂无分类
604,中国,暂无分类
206,中国渔民,暂无分类
255,中国,暂无分类
230,沙利文,暂无分类
425,新加坡,暂无分类
291,中国,暂无分类
205,中国,暂无分类
571,日本,暂无分类
543,中国国家测绘局,暂无分类
605,东盟,暂无分类
208,东盟,暂无分类
442,中越南,暂无分类
488,东盟,暂无分类
232,菲律宾外长罗慕洛,暂无分类
439,外交部发言人,暂无分类
74,中国,暂无分类
488,中国,暂无分类
473,美国国务院发言人克里斯丁•谢利,暂无分类
408,国务院媒体关系办公室代理发言人维多利亚•纽兰德(VictoriaNuland),暂无分类
539,中国,暂无分类
309,菲国家地图和资源信息部,暂无分类
487,美国,暂无分类
418,中国,暂无分类
501,中国,暂无分类
561,中国,暂无分类
116,美国,暂无分类
616,东盟,暂无分类
278,柬埔寨,暂无分类
404,美国亚太事务助理国务卿库尔特•坎贝尔(KurtCampbell),暂无分类
331,越南货轮,暂无分类
127,日本,暂无分类
405,托纳,暂无分类
171,中国,暂无分类
639,中国,暂无分类
317,中国,暂无分类
377,菲律宾,暂无分类
598,中国,暂无分类
174,越南,暂无分类
369,美国,暂无分类
459,索马里,暂无分类
558,东盟,暂无分类
355,菲律宾空军,暂无分类
464,印度尼西亚,暂无分类
499,越南,暂无分类
415,中国,暂无分类
811,中国台湾地区,暂无分类
230,菲律宾,暂无分类
174,印度尼西亚,暂无分类
181,菲律宾,暂无分类
169,越南,暂无分类
625,印度尼西亚,暂无分类
171,文莱,暂无分类
478,中国,暂无分类
574,台湾,暂无分类
412,一些国家,暂无分类
403,中国外交部官员,暂无分类
483,东盟,暂无分类
359,中国,暂无分类
517,日本,暂无分类
497,中国,暂无分类
476,菲律宾,暂无分类
433,菲律宾,暂无分类
74,东盟,暂无分类
236,美国,暂无分类
377,美国国务院发言人克里斯丁•谢利(ChristineShelly),暂无分类
333,中国,暂无分类
330,越南海军,暂无分类
369,菲律宾,暂无分类
376,美国副国务卿尼古拉斯•伯恩斯(NicholasBums),暂无分类
294,菲律宾阿基诺政府,暂无分类
232,美国,暂无分类
403,奥巴马政府,暂无分类
416,仲裁庭,暂无分类
298,菲律宾,暂无分类
575,台湾地区“外交部”,暂无分类
380,中国外交部发言人沈国放,暂无分类
417,菲律宾,暂无分类
552,日本,暂无分类
151,日本,暂无分类
564,东盟,暂无分类
168,东盟成员国,暂无分类
599,东盟,暂无分类
211,越南,暂无分类
254,中国,暂无分类
385,罗尔巴克尔,暂无分类
354,美国,暂无分类
240,美国,暂无分类
522,中国,暂无分类
542,中国,暂无分类
300,中国,暂无分类
600,菲律宾,暂无分类
200,菲律宾总统,暂无分类
474,东盟,暂无分类
325,中国,暂无分类
588,加拿大政府,暂无分类
415,仲裁庭,暂无分类
539,菲律宾,暂无分类
267,东盟,暂无分类
483,中国,暂无分类
424,菲律宾,暂无分类
525,越南,暂无分类
355,印尼军舰,暂无分类
212,文莱,暂无分类
439,越南,暂无分类
479,菲律宾军事基地,暂无分类
287,菲律宾,暂无分类
431,美国“无暇号”军舰,暂无分类
354,希拉里•克林顿,暂无分类
518,台“外交部”,暂无分类
334,越南殖民政府,暂无分类
636,中国,暂无分类
499,中国,暂无分类
139,中国,暂无分类
377,中国,暂无分类
137,中国,暂无分类
489,印度,暂无分类
311,东盟,暂无分类
252,外交官黎良明,暂无分类
175,日本外交官,暂无分类
252,柬埔寨,暂无分类
601,越南,暂无分类
417,联合国秘书长,暂无分类
249,东盟,暂无分类
231,美国,暂无分类
503,中国,暂无分类
605,中国,暂无分类
587,越南,暂无分类
451,印度尼西亚,暂无分类
440,日本,暂无分类
601,文莱,暂无分类
252,越南,暂无分类
440,越南,暂无分类
184,菲律宾副总统兼外长加西亚,暂无分类
625,美国,暂无分类
229,国务院,暂无分类
509,美国,暂无分类
549,中国渔政巡航护渔编队,暂无分类
361,中国,暂无分类
229,美军,暂无分类
209,新加坡,暂无分类
551,中国,暂无分类
385,国务卿克里斯托弗,暂无分类
137,菲律宾,暂无分类
519,越南,暂无分类
